Ano;Distrito;Inscritos;Votantes;Brancos;Nulos;Partido;Votos;Mandatos;Percentual;Abstenção
2019;Açores;228946;83561;3926;1350;AD;29690;2;0.36;0.635018738
2019;Aveiro;645650;352093;10596;6243;AD;138625;7;0.39;0.454668938
2019;Beja;122987;64268;1378;1083;AD;10131;0;0.16;0.477440705
2019;Braga;778174;465674;14540;7960;AD;178323;9;0.38;0.401581137
2019;Bragança;141557;63531;1305;1392;AD;28850;2;0.45;0.551198457
2019;Castelo Branco;170075;93695;2250;2216;AD;28339;1;0.3;0.449095987
2019;Coimbra;380004;203931;6910;3755;AD;61633;3;0.3;0.463345123
2019;Europa;895509;108446;1665;27293;AD;23690;1;0.22;0.878900156
2019;Évora;136694;74018;1691;1032;AD;15582;0;0.21;0.458513175
2019;Faro;360169;165377;4717;2860;AD;43730;3;0.26;0.540834997
2019;Fora da Europa;569128;49908;429;8664;AD;18962;1;0.38;0.912307952
2019;Guarda;151535;76649;2030;2041;AD;30252;1;0.39;0.494182862
2019;Leiria;406906;218996;8000;4995;AD;85404;5;0.39;0.461801989
2019;Lisboa;1917369;1099254;23683;15998;AD;298823;14;0.27;0.426686256
2019;Madeira;257902;129920;688;2301;AD;56360;3;0.43;0.496242759
2019;Portalegre;95223;51602;1206;996;AD;12335;0;0.24;0.458093108
2019;Porto;1593888;934762;21225;15083;AD;323321;16;0.35;0.413533448
2019;Santarém;380900;206907;6021;3997;AD;62406;3;0.3;0.456794434
2019;Setúbal;736583;395099;8184;6031;AD;69283;3;0.18;0.463605595
2019; Totais;10777258;5237484;131302;123573;AD;1683766;84;0.32;0.514024439
2019;Viana do Castelo;240917;121913;3617;2174;AD;48991;3;0.4;0.493962651
2019;Vila Real;219081;100236;2246;2416;AD;43844;3;0.44;0.542470593
2019;Viseu;348061;177644;4995;3693;AD;75192;4;0.42;0.489618199
2022;Açores;229022;83737;2090;873;AD;28330;2;0.34;0.63437137
2022;Aveiro;642623;364875;4743;3425;AD;139216;7;0.38;0.432209865
2022;Beja;120204;67520;763;634;AD;11282;0;0.17;0.438288243
2022;Braga;776543;494529;6158;3846;AD;180237;8;0.36;0.363165981
2022;Bragança;137572;65738;567;795;AD;27865;1;0.42;0.522155671
2022;Castelo Branco;166269;95738;1117;1126;AD;27742;1;0.29;0.424198137
2022;Coimbra;374935;215103;3120;2329;AD;66048;3;0.31;0.426292557
2022;Europa;926205;110182;711;33565;AD;17560;0;0.16;0.881039295
2022;Évora;134828;78957;842;552;AD;17801;1;0.23;0.414387219
2022;Faro;380371;194952;2598;1760;AD;49590;3;0.25;0.487468813
2022;Fora da Europa;594324;64534;568;1907;AD;25321;1;0.39;0.89141613
2022;Guarda;146041;77246;782;936;AD;27598;1;0.36;0.471066344
2022;Leiria;413063;235828;3801;2690;AD;86661;4;0.37;0.429074984
2022;Lisboa;1919958;1181861;11918;8820;AD;305204;13;0.26;0.38443393
2022;Madeira;254784;127120;781;2312;AD;50896;0;0.4;0.501067571
2022;Portalegre;94374;53522;601;456;AD;13068;0;0.24;0.432873461
2022;Porto;1589053;984837;10015;8122;AD;332743;14;0.34;0.380236531
2022;Santarém;378006;218193;2773;2060;AD;62668;3;0.29;0.422779004
2022;Setúbal;745594;433260;4415;3379;AD;74830;3;0.17;0.418906268
2022; Totais;10813246;5564539;63103;83721;AD;1707822;74;0.31;0.48539606
2022;Viana do Castelo;236042;127040;1654;1156;AD;47691;3;0.38;0.461790698
2022;Vila Real;213093;105308;943;1080;AD;43793;2;0.42;0.505812016
2022;Viseu;340342;184459;2143;1898;AD;71678;4;0.39;0.458018699
2024;Açores;230082;106277;2621;1056;AD;42352;2;0.4;0.538090768
2024;Aveiro;642086;423734;7030;4528;AD;148861;7;0.35;0.340066595
2024;Beja;119102;76994;1172;935;AD;12890;1;0.17;0.3535457
2024;Braga;780164;556358;9590;5162;AD;184493;8;0.33;0.286870453
2024;Bragança;134213;72664;892;966;AD;29069;2;0.4;0.45859194
2024;Castelo Branco;163578;108260;1530;1447;AD;30812;1;0.28;0.33817506
2024;Coimbra;371769;242140;4797;2558;AD;74040;3;0.31;0.348681574
2024;Europa;937311;238605;1381;94261;AD;33351;0;0.14;0.74543668
2024;Évora;133400;89387;1252;791;AD;20051;1;0.22;0.329932534
2024;Faro;381108;235351;3401;2650;AD;52681;3;0.22;0.382455892
2024;Fora da Europa;609436;98360;487;31980;AD;22470;1;0.23;0.838604874
2024;Guarda;141065;85034;1163;1290;AD;29013;1;0.34;0.397199872
2024;Leiria;412184;273579;5094;3507;AD;96231;5;0.35;0.336269724
2024;Lisboa;1915287;1319561;15712;13568;AD;356973;14;0.27;0.311037458
2024;Madeira;254502;149808;794;2703;AD;53440;3;0.36;0.411368084
2024;Portalegre;93106;60668;925;614;AD;14134;0;0.23;0.348398599
2024;Porto;1591760;1114945;14407;10964;AD;339142;14;0.3;0.299552068
2024;Santarém;377261;251061;3868;2815;AD;68519;3;0.27;0.334516422
2024;Setúbal;749090;502601;6253;4945;AD;86320;4;0.17;0.329051249
2024; Totais;10813643;6476952;89847;192396;AD;1867442;80;0.29;0.401038854
2024;Viana do Castelo;233491;142917;2682;1534;AD;49616;2;0.35;0.387912168
2024;Vila Real;207989;117058;1494;1527;AD;46046;2;0.39;0.43719139
2024;Viseu;335659;211590;3302;2595;AD;76938;3;0.36;0.369628105
2019;Açores;228946;83561;3926;1350;BE;6662;0;0.08;0.635018738
2019;Aveiro;645650;352093;10596;6243;BE;35074;2;0.1;0.454668938
2019;Beja;122987;64268;1378;1083;BE;5833;0;0.09;0.477440705
2019;Braga;778174;465674;14540;7960;BE;41357;2;0.09;0.401581137
2019;Bragança;141557;63531;1305;1392;BE;3835;0;0.06;0.551198457
2019;Castelo Branco;170075;93695;2250;2216;BE;10353;0;0.11;0.449095987
2019;Coimbra;380004;203931;6910;3755;BE;22805;1;0.11;0.463345123
2019;Europa;895509;108446;1665;27293;BE;6106;0;0.06;0.878900156
2019;Évora;136694;74018;1691;1032;BE;6624;0;0.09;0.458513175
2019;Faro;360169;165377;4717;2860;BE;20241;1;0.12;0.540834997
2019;Fora da Europa;569128;49908;429;8664;BE;1398;0;0.03;0.912307952
2019;Guarda;151535;76649;2030;2041;BE;5990;0;0.08;0.494182862
2019;Leiria;406906;218996;8000;4995;BE;20572;1;0.09;0.461801989
2019;Lisboa;1917369;1099254;23683;15998;BE;106793;5;0.1;0.426686256
2019;Madeira;257902;129920;688;2301;BE;6810;0;0.05;0.496242759
2019;Portalegre;95223;51602;1206;996;BE;4165;0;0.08;0.458093108
2019;Porto;1593888;934762;21225;15083;BE;94646;4;0.1;0.413533448
2019;Santarém;380900;206907;6021;3997;BE;21141;1;0.1;0.456794434
2019;Setúbal;736583;395099;8184;6031;BE;47795;2;0.12;0.463605595
2019; Totais;10777258;5237484;131302;123573;BE;498549;19;0.1;0.514024439
2019;Viana do Castelo;240917;121913;3617;2174;BE;10321;0;0.08;0.493962651
2019;Vila Real;219081;100236;2246;2416;BE;6071;0;0.06;0.542470593
2019;Viseu;348061;177644;4995;3693;BE;13957;0;0.08;0.489618199
2022;Açores;229022;83737;2090;873;BE;3613;0;0.04;0.63437137
2022;Aveiro;642623;364875;4743;3425;BE;16706;0;0.05;0.432209865
2022;Beja;120204;67520;763;634;BE;2511;0;0.04;0.438288243
2022;Braga;776543;494529;6158;3846;BE;18550;0;0.04;0.363165981
2022;Bragança;137572;65738;567;795;BE;1370;0;0.02;0.522155671
2022;Castelo Branco;166269;95738;1117;1126;BE;4069;0;0.04;0.424198137
2022;Coimbra;374935;215103;3120;2329;BE;10888;0;0.05;0.426292557
2022;Europa;926205;110182;711;33565;BE;2647;0;0.02;0.881039295
2022;Évora;134828;78957;842;552;BE;2629;0;0.03;0.414387219
2022;Faro;380371;194952;2598;1760;BE;11209;0;0.06;0.487468813
2022;Fora da Europa;594324;64534;568;1907;BE;1699;0;0.03;0.89141613
2022;Guarda;146041;77246;782;936;BE;2368;0;0.03;0.471066344
2022;Leiria;413063;235828;3801;2690;BE;10709;0;0.05;0.429074984
2022;Lisboa;1919958;1181861;11918;8820;BE;55802;2;0.05;0.38443393
2022;Madeira;254784;127120;781;2312;BE;4120;0;0.03;0.501067571
2022;Portalegre;94374;53522;601;456;BE;1550;0;0.03;0.432873461
2022;Porto;1589053;984837;10015;8122;BE;47134;2;0.05;0.380236531
2022;Santarém;378006;218193;2773;2060;BE;10011;0;0.05;0.422779004
2022;Setúbal;745594;433260;4415;3379;BE;24940;1;0.06;0.418906268
2022; Totais;10813246;5564539;63103;83721;BE;244603;5;0.04;0.48539606
2022;Viana do Castelo;236042;127040;1654;1156;BE;4418;0;0.03;0.461790698
2022;Vila Real;213093;105308;943;1080;BE;2442;0;0.02;0.505812016
2022;Viseu;340342;184459;2143;1898;BE;5218;0;0.03;0.458018699
2024;Açores;230082;106277;2621;1056;BE;3622;0;0.03;0.538090768
2024;Aveiro;642086;423734;7030;4528;BE;17383;0;0.04;0.340066595
2024;Beja;119102;76994;1172;935;BE;3393;0;0.04;0.3535457
2024;Braga;780164;556358;9590;5162;BE;21403;0;0.04;0.286870453
2024;Bragança;134213;72664;892;966;BE;1403;0;0.02;0.45859194
2024;Castelo Branco;163578;108260;1530;1447;BE;4450;0;0.04;0.33817506
2024;Coimbra;371769;242140;4797;2558;BE;12371;0;0.05;0.348681574
2024;Europa;937311;238605;1381;94261;BE;6438;0;0.03;0.74543668
2024;Évora;133400;89387;1252;791;BE;3816;0;0.04;0.329932534
2024;Faro;381108;235351;3401;2650;BE;13555;0;0.06;0.382455892
2024;Fora da Europa;609436;98360;487;31980;BE;1844;0;0.02;0.838604874
2024;Guarda;141065;85034;1163;1290;BE;2299;0;0.03;0.397199872
2024;Leiria;412184;273579;5094;3507;BE;11748;0;0.04;0.336269724
2024;Lisboa;1915287;1319561;15712;13568;BE;65365;2;0.05;0.311037458
2024;Madeira;254502;149808;794;2703;BE;4404;0;0.03;0.411368084
2024;Portalegre;93106;60668;925;614;BE;1894;0;0.03;0.348398599
2024;Porto;1591760;1114945;14407;10964;BE;51917;2;0.05;0.299552068
2024;Santarém;377261;251061;3868;2815;BE;11207;0;0.04;0.334516422
2024;Setúbal;749090;502601;6253;4945;BE;30165;1;0.06;0.329051249
2024; Totais;10813643;6476952;89847;192396;BE;282314;5;0.04;0.401038854
2024;Viana do Castelo;233491;142917;2682;1534;BE;4926;0;0.03;0.387912168
2024;Vila Real;207989;117058;1494;1527;BE;2865;0;0.02;0.43719139
2024;Viseu;335659;211590;3302;2595;BE;5846;0;0.03;0.369628105
2019;Açores;228946;83561;3926;1350;CDU;2045;0;0.02;0.635018738
2019;Aveiro;645650;352093;10596;6243;CDU;10742;0;0.03;0.454668938
2019;Beja;122987;64268;1378;1083;CDU;14655;1;0.23;0.477440705
2019;Braga;778174;465674;14540;7960;CDU;18460;0;0.04;0.401581137
2019;Bragança;141557;63531;1305;1392;CDU;1350;0;0.02;0.551198457
2019;Castelo Branco;170075;93695;2250;2216;CDU;4451;0;0.05;0.449095987
2019;Coimbra;380004;203931;6910;3755;CDU;11402;0;0.06;0.463345123
2019;Europa;895509;108446;1665;27293;CDU;2713;0;0.03;0.878900156
2019;Évora;136694;74018;1691;1032;CDU;13980;1;0.19;0.458513175
2019;Faro;360169;165377;4717;2860;CDU;11719;0;0.07;0.540834997
2019;Fora da Europa;569128;49908;429;8664;CDU;515;0;0.01;0.912307952
2019;Guarda;151535;76649;2030;2041;CDU;2295;0;0.03;0.494182862
2019;Leiria;406906;218996;8000;4995;CDU;9434;0;0.04;0.461801989
2019;Lisboa;1917369;1099254;23683;15998;CDU;85660;4;0.08;0.426686256
2019;Madeira;257902;129920;688;2301;CDU;2703;0;0.02;0.496242759
2019;Portalegre;95223;51602;1206;996;CDU;5481;0;0.11;0.458093108
2019;Porto;1593888;934762;21225;15083;CDU;44944;2;0.05;0.413533448
2019;Santarém;380900;206907;6021;3997;CDU;15663;1;0.08;0.456794434
2019;Setúbal;736583;395099;8184;6031;CDU;62370;3;0.16;0.463605595
2019; Totais;10777258;5237484;131302;123573;CDU;332018;12;0.06;0.514024439
2019;Viana do Castelo;240917;121913;3617;2174;CDU;4841;0;0.04;0.493962651
2019;Vila Real;219081;100236;2246;2416;CDU;2513;0;0.03;0.542470593
2019;Viseu;348061;177644;4995;3693;CDU;4082;0;0.02;0.489618199
2022;Açores;229022;83737;2090;873;CDU;1249;0;0.01;0.63437137
2022;Aveiro;642623;364875;4743;3425;CDU;6560;0;0.02;0.432209865
2022;Beja;120204;67520;763;634;CDU;12442;1;0.18;0.438288243
2022;Braga;776543;494529;6158;3846;CDU;13018;0;0.03;0.363165981
2022;Bragança;137572;65738;567;795;CDU;893;0;0.01;0.522155671
2022;Castelo Branco;166269;95738;1117;1126;CDU;2784;0;0.03;0.424198137
2022;Coimbra;374935;215103;3120;2329;CDU;7281;0;0.03;0.426292557
2022;Europa;926205;110182;711;33565;CDU;1409;0;0.01;0.881039295
2022;Évora;134828;78957;842;552;CDU;11494;0;0.15;0.414387219
2022;Faro;380371;194952;2598;1760;CDU;9385;0;0.05;0.487468813
2022;Fora da Europa;594324;64534;568;1907;CDU;903;0;0.01;0.89141613
2022;Guarda;146041;77246;782;936;CDU;1364;0;0.02;0.471066344
2022;Leiria;413063;235828;3801;2690;CDU;7340;0;0.03;0.429074984
2022;Lisboa;1919958;1181861;11918;8820;CDU;59899;2;0.05;0.38443393
2022;Madeira;254784;127120;781;2312;CDU;2582;0;0.02;0.501067571
2022;Portalegre;94374;53522;601;456;CDU;4058;0;0.08;0.432873461
2022;Porto;1589053;984837;10015;8122;CDU;32278;1;0.03;0.380236531
2022;Santarém;378006;218193;2773;2060;CDU;11855;0;0.05;0.422779004
2022;Setúbal;745594;433260;4415;3379;CDU;43553;2;0.1;0.418906268
2022; Totais;10813246;5564539;63103;83721;CDU;238920;6;0.04;0.48539606
2022;Viana do Castelo;236042;127040;1654;1156;CDU;3816;0;0.03;0.461790698
2022;Vila Real;213093;105308;943;1080;CDU;1775;0;0.02;0.505812016
2022;Viseu;340342;184459;2143;1898;CDU;2982;0;0.02;0.458018699
2024;Açores;230082;106277;2621;1056;CDU;1161;0;0.01;0.538090768
2024;Aveiro;642086;423734;7030;4528;CDU;5829;0;0.01;0.340066595
2024;Beja;119102;76994;1172;935;CDU;11570;0;0.15;0.3535457
2024;Braga;780164;556358;9590;5162;CDU;10130;0;0.02;0.286870453
2024;Bragança;134213;72664;892;966;CDU;774;0;0.01;0.45859194
2024;Castelo Branco;163578;108260;1530;1447;CDU;2373;0;0.02;0.33817506
2024;Coimbra;371769;242140;4797;2558;CDU;6819;0;0.03;0.348681574
2024;Europa;937311;238605;1381;94261;CDU;2363;0;0.01;0.74543668
2024;Évora;133400;89387;1252;791;CDU;9771;0;0.11;0.329932534
2024;Faro;381108;235351;3401;2650;CDU;7488;0;0.03;0.382455892
2024;Fora da Europa;609436;98360;487;31980;CDU;742;0;0.01;0.838604874
2024;Guarda;141065;85034;1163;1290;CDU;1331;0;0.02;0.397199872
2024;Leiria;412184;273579;5094;3507;CDU;6625;0;0.02;0.336269724
2024;Lisboa;1915287;1319561;15712;13568;CDU;49267;2;0.04;0.311037458
2024;Madeira;254502;149808;794;2703;CDU;2429;0;0.02;0.411368084
2024;Portalegre;93106;60668;925;614;CDU;3718;0;0.06;0.348398599
2024;Porto;1591760;1114945;14407;10964;CDU;26356;1;0.02;0.299552068
2024;Santarém;377261;251061;3868;2815;CDU;10346;0;0.04;0.334516422
2024;Setúbal;749090;502601;6253;4945;CDU;38848;1;0.08;0.329051249
2024; Totais;10813643;6476952;89847;192396;CDU;205551;4;0.03;0.401038854
2024;Viana do Castelo;233491;142917;2682;1534;CDU;3106;0;0.02;0.387912168
2024;Vila Real;207989;117058;1494;1527;CDU;1600;0;0.01;0.43719139
2024;Viseu;335659;211590;3302;2595;CDU;2905;0;0.01;0.369628105
2019;Açores;228946;83561;3926;1350;CH;707;0;0.01;0.635018738
2019;Aveiro;645650;352093;10596;6243;CH;2601;0;0.01;0.454668938
2019;Beja;122987;64268;1378;1083;CH;1313;0;0.02;0.477440705
2019;Braga;778174;465674;14540;7960;CH;3192;0;0.01;0.401581137
2019;Bragança;141557;63531;1305;1392;CH;531;0;0.01;0.551198457
2019;Castelo Branco;170075;93695;2250;2216;CH;1187;0;0.01;0.449095987
2019;Coimbra;380004;203931;6910;3755;CH;1844;0;0.01;0.463345123
2019;Europa;895509;108446;1665;27293;CH;833;0;0.01;0.878900156
2019;Évora;136694;74018;1691;1032;CH;1646;0;0.02;0.458513175
2019;Faro;360169;165377;4717;2860;CH;3513;0;0.02;0.540834997
2019;Fora da Europa;569128;49908;429;8664;CH;459;0;0.01;0.912307952
2019;Guarda;151535;76649;2030;2041;CH;1135;0;0.01;0.494182862
2019;Leiria;406906;218996;8000;4995;CH;3259;0;0.01;0.461801989
2019;Lisboa;1917369;1099254;23683;15998;CH;22028;1;0.02;0.426686256
2019;Madeira;257902;129920;688;2301;CH;912;0;0.01;0.496242759
2019;Portalegre;95223;51602;1206;996;CH;1407;0;0.03;0.458093108
2019;Porto;1593888;934762;21225;15083;CH;5704;0;0.01;0.413533448
2019;Santarém;380900;206907;6021;3997;CH;4211;0;0.02;0.456794434
2019;Setúbal;736583;395099;8184;6031;CH;7646;0;0.02;0.463605595
2019; Totais;10777258;5237484;131302;123573;CH;67502;1;0.01;0.514024439
2019;Viana do Castelo;240917;121913;3617;2174;CH;858;0;0.01;0.493962651
2019;Vila Real;219081;100236;2246;2416;CH;792;0;0.01;0.542470593
2019;Viseu;348061;177644;4995;3693;CH;1724;0;0.01;0.489618199
2022;Açores;229022;83737;2090;873;CH;4991;0;0.06;0.63437137
2022;Aveiro;642623;364875;4743;3425;CH;20570;1;0.06;0.432209865
2022;Beja;120204;67520;763;634;CH;6932;0;0.1;0.438288243
2022;Braga;776543;494529;6158;3846;CH;28752;1;0.06;0.363165981
2022;Bragança;137572;65738;567;795;CH;5610;0;0.09;0.522155671
2022;Castelo Branco;166269;95738;1117;1126;CH;7959;0;0.08;0.424198137
2022;Coimbra;374935;215103;3120;2329;CH;13182;0;0.06;0.426292557
2022;Europa;926205;110182;711;33565;CH;7756;0;0.07;0.881039295
2022;Évora;134828;78957;842;552;CH;7221;0;0.09;0.414387219
2022;Faro;380371;194952;2598;1760;CH;24000;1;0.12;0.487468813
2022;Fora da Europa;594324;64534;568;1907;CH;6123;0;0.09;0.89141613
2022;Guarda;146041;77246;782;936;CH;6134;0;0.08;0.471066344
2022;Leiria;413063;235828;3801;2690;CH;18918;1;0.08;0.429074984
2022;Lisboa;1919958;1181861;11918;8820;CH;92001;4;0.08;0.38443393
2022;Madeira;254784;127120;781;2312;CH;7730;0;0.06;0.501067571
2022;Portalegre;94374;53522;601;456;CH;6138;0;0.11;0.432873461
2022;Porto;1589053;984837;10015;8122;CH;43004;2;0.04;0.380236531
2022;Santarém;378006;218193;2773;2060;CH;23813;1;0.11;0.422779004
2022;Setúbal;745594;433260;4415;3379;CH;39171;1;0.09;0.418906268
2022; Totais;10813246;5564539;63103;83721;CH;399659;12;0.07;0.48539606
2022;Viana do Castelo;236042;127040;1654;1156;CH;7702;0;0.06;0.461790698
2022;Vila Real;213093;105308;943;1080;CH;7569;0;0.07;0.505812016
2022;Viseu;340342;184459;2143;1898;CH;14383;0;0.08;0.458018699
2024;Açores;230082;106277;2621;1056;CH;16749;1;0.16;0.538090768
2024;Aveiro;642086;423734;7030;4528;CH;73122;3;0.17;0.340066595
2024;Beja;119102;76994;1172;935;CH;16595;1;0.22;0.3535457
2024;Braga;780164;556358;9590;5162;CH;93859;4;0.17;0.286870453
2024;Bragança;134213;72664;892;966;CH;13220;0;0.18;0.45859194
2024;Castelo Branco;163578;108260;1530;1447;CH;21141;1;0.2;0.33817506
2024;Coimbra;371769;242140;4797;2558;CH;37428;2;0.15;0.348681574
2024;Europa;937311;238605;1381;94261;CH;42975;1;0.18;0.74543668
2024;Évora;133400;89387;1252;791;CH;17850;1;0.2;0.329932534
2024;Faro;381108;235351;3401;2650;CH;64081;3;0.27;0.382455892
2024;Fora da Europa;609436;98360;487;31980;CH;17862;1;0.18;0.838604874
2024;Guarda;141065;85034;1163;1290;CH;15837;1;0.19;0.397199872
2024;Leiria;412184;273579;5094;3507;CH;53820;2;0.2;0.336269724
2024;Lisboa;1915287;1319561;15712;13568;CH;224642;9;0.17;0.311037458
2024;Madeira;254502;149808;794;2703;CH;26304;1;0.18;0.411368084
2024;Portalegre;93106;60668;925;614;CH;14810;1;0.24;0.348398599
2024;Porto;1591760;1114945;14407;10964;CH;170936;7;0.15;0.299552068
2024;Santarém;377261;251061;3868;2815;CH;58588;3;0.23;0.334516422
2024;Setúbal;749090;502601;6253;4945;CH;102120;4;0.2;0.329051249
2024; Totais;10813643;6476952;89847;192396;CH;1169781;50;0.18;0.401038854
2024;Viana do Castelo;233491;142917;2682;1534;CH;26639;1;0.19;0.387912168
2024;Vila Real;207989;117058;1494;1527;CH;20038;1;0.17;0.43719139
2024;Viseu;335659;211590;3302;2595;CH;41165;2;0.19;0.369628105
2019;Setúbal;736583;395099;8184;6031;Outros;14858;0;0.04;0.463605595
2024;Porto;1591760;1114945;14407;10964;Outros;38306;0;0.03;0.299552068
2019;Açores;228946;83561;3926;1350;IL;568;0;0.01;0.635018738
2019;Aveiro;645650;352093;10596;6243;IL;3566;0;0.01;0.454668938
2019;Beja;122987;64268;1378;1083;IL;279;0;0.0;0.477440705
2019;Braga;778174;465674;14540;7960;IL;3786;0;0.01;0.401581137
2019;Bragança;141557;63531;1305;1392;IL;271;0;0.0;0.551198457
2019;Castelo Branco;170075;93695;2250;2216;IL;543;0;0.01;0.449095987
2019;Coimbra;380004;203931;6910;3755;IL;1682;0;0.01;0.463345123
2019;Europa;895509;108446;1665;27293;IL;874;0;0.01;0.878900156
2019;Évora;136694;74018;1691;1032;IL;490;0;0.01;0.458513175
2019;Faro;360169;165377;4717;2860;IL;1358;0;0.01;0.540834997
2019;Fora da Europa;569128;49908;429;8664;IL;1248;0;0.03;0.912307952
2019;Guarda;151535;76649;2030;2041;IL;461;0;0.01;0.494182862
2019;Leiria;406906;218996;8000;4995;IL;2023;0;0.01;0.461801989
2019;Lisboa;1917369;1099254;23683;15998;IL;27090;1;0.02;0.426686256
2019;Madeira;257902;129920;688;2301;IL;922;0;0.01;0.496242759
2019;Portalegre;95223;51602;1206;996;IL;255;0;0.0;0.458093108
2019;Porto;1593888;934762;21225;15083;IL;14238;0;0.02;0.413533448
2019;Santarém;380900;206907;6021;3997;IL;1606;0;0.01;0.456794434
2019;Setúbal;736583;395099;8184;6031;IL;4090;0;0.01;0.463605595
2019; Totais;10777258;5237484;131302;123573;IL;67443;1;0.01;0.514024439
2019;Viana do Castelo;240917;121913;3617;2174;IL;692;0;0.01;0.493962651
2019;Vila Real;219081;100236;2246;2416;IL;427;0;0.0;0.542470593
2019;Viseu;348061;177644;4995;3693;IL;974;0;0.01;0.489618199
2022;Açores;229022;83737;2090;873;IL;3466;0;0.04;0.63437137
2022;Aveiro;642623;364875;4743;3425;IL;16294;0;0.04;0.432209865
2022;Beja;120204;67520;763;634;IL;1388;0;0.02;0.438288243
2022;Braga;776543;494529;6158;3846;IL;21437;1;0.04;0.363165981
2022;Bragança;137572;65738;567;795;IL;1049;0;0.02;0.522155671
2022;Castelo Branco;166269;95738;1117;1126;IL;2444;0;0.03;0.424198137
2022;Coimbra;374935;215103;3120;2329;IL;7791;0;0.04;0.426292557
2022;Europa;926205;110182;711;33565;IL;2704;0;0.02;0.881039295
2022;Évora;134828;78957;842;552;IL;1947;0;0.02;0.414387219
2022;Faro;380371;194952;2598;1760;IL;9045;0;0.05;0.487468813
2022;Fora da Europa;594324;64534;568;1907;IL;2254;0;0.03;0.89141613
2022;Guarda;146041;77246;782;936;IL;1492;0;0.02;0.471066344
2022;Leiria;413063;235828;3801;2690;IL;12400;0;0.05;0.429074984
2022;Lisboa;1919958;1181861;11918;8820;IL;93567;4;0.08;0.38443393
2022;Madeira;254784;127120;781;2312;IL;4243;0;0.03;0.501067571
2022;Portalegre;94374;53522;601;456;IL;1115;0;0.02;0.432873461
2022;Porto;1589053;984837;10015;8122;IL;50389;2;0.05;0.380236531
2022;Santarém;378006;218193;2773;2060;IL;8219;0;0.04;0.422779004
2022;Setúbal;745594;433260;4415;3379;IL;22225;1;0.05;0.418906268
2022; Totais;10813246;5564539;63103;83721;IL;273687;8;0.05;0.48539606
2022;Viana do Castelo;236042;127040;1654;1156;IL;3652;0;0.03;0.461790698
2022;Vila Real;213093;105308;943;1080;IL;1898;0;0.02;0.505812016
2022;Viseu;340342;184459;2143;1898;IL;4668;0;0.03;0.458018699
2024;Açores;230082;106277;2621;1056;IL;2882;0;0.03;0.538090768
2024;Aveiro;642086;423734;7030;4528;IL;21671;1;0.05;0.340066595
2024;Beja;119102;76994;1172;935;IL;1708;0;0.02;0.3535457
2024;Braga;780164;556358;9590;5162;IL;33935;1;0.06;0.286870453
2024;Bragança;134213;72664;892;966;IL;1241;0;0.02;0.45859194
2024;Castelo Branco;163578;108260;1530;1447;IL;2961;0;0.03;0.33817506
2024;Coimbra;371769;242140;4797;2558;IL;9592;0;0.04;0.348681574
2024;Europa;937311;238605;1381;94261;IL;5719;0;0.02;0.74543668
2024;Évora;133400;89387;1252;791;IL;2228;0;0.02;0.329932534
2024;Faro;381108;235351;3401;2650;IL;10736;0;0.05;0.382455892
2024;Fora da Europa;609436;98360;487;31980;IL;1901;0;0.02;0.838604874
2024;Guarda;141065;85034;1163;1290;IL;1910;0;0.02;0.397199872
2024;Leiria;412184;273579;5094;3507;IL;15498;0;0.06;0.336269724
2024;Lisboa;1915287;1319561;15712;13568;IL;86963;3;0.07;0.311037458
2024;Madeira;254502;149808;794;2703;IL;5827;0;0.04;0.411368084
2024;Portalegre;93106;60668;925;614;IL;1155;0;0.02;0.348398599
2024;Porto;1591760;1114945;14407;10964;IL;64065;2;0.06;0.299552068
2024;Santarém;377261;251061;3868;2815;IL;9497;0;0.04;0.334516422
2024;Setúbal;749090;502601;6253;4945;IL;26952;1;0.05;0.329051249
2024; Totais;10813643;6476952;89847;192396;IL;319877;8;0.05;0.401038854
2024;Viana do Castelo;233491;142917;2682;1534;IL;5106;0;0.04;0.387912168
2024;Vila Real;207989;117058;1494;1527;IL;2380;0;0.02;0.43719139
2024;Viseu;335659;211590;3302;2595;IL;5950;0;0.03;0.369628105
2019;Açores;228946;83561;3926;1350;L;714;0;0.01;0.635018738
2019;Aveiro;645650;352093;10596;6243;L;2410;0;0.01;0.454668938
2019;Beja;122987;64268;1378;1083;L;398;0;0.01;0.477440705
2019;Braga;778174;465674;14540;7960;L;3168;0;0.01;0.401581137
2019;Bragança;141557;63531;1305;1392;L;270;0;0.0;0.551198457
2019;Castelo Branco;170075;93695;2250;2216;L;834;0;0.01;0.449095987
2019;Coimbra;380004;203931;6910;3755;L;1920;0;0.01;0.463345123
2019;Europa;895509;108446;1665;27293;L;1167;0;0.01;0.878900156
2019;Évora;136694;74018;1691;1032;L;500;0;0.01;0.458513175
2019;Faro;360169;165377;4717;2860;L;1625;0;0.01;0.540834997
2019;Fora da Europa;569128;49908;429;8664;L;342;0;0.01;0.912307952
2019;Guarda;151535;76649;2030;2041;L;373;0;0.0;0.494182862
2019;Leiria;406906;218996;8000;4995;L;2017;0;0.01;0.461801989
2019;Lisboa;1917369;1099254;23683;15998;L;22738;1;0.02;0.426686256
2019;Madeira;257902;129920;688;2301;L;480;0;0.0;0.496242759
2019;Portalegre;95223;51602;1206;996;L;291;0;0.01;0.458093108
2019;Porto;1593888;934762;21225;15083;L;8929;0;0.01;0.413533448
2019;Santarém;380900;206907;6021;3997;L;1783;0;0.01;0.456794434
2019;Setúbal;736583;395099;8184;6031;L;4873;0;0.01;0.463605595
2019; Totais;10777258;5237484;131302;123573;L;56940;1;0.01;0.514024439
2019;Viana do Castelo;240917;121913;3617;2174;L;688;0;0.01;0.493962651
2019;Vila Real;219081;100236;2246;2416;L;547;0;0.01;0.542470593
2019;Viseu;348061;177644;4995;3693;L;873;0;0.0;0.489618199
2022;Açores;229022;83737;2090;873;L;759;0;0.01;0.63437137
2022;Aveiro;642623;364875;4743;3425;L;2883;0;0.01;0.432209865
2022;Beja;120204;67520;763;634;L;491;0;0.01;0.438288243
2022;Braga;776543;494529;6158;3846;L;3936;0;0.01;0.363165981
2022;Bragança;137572;65738;567;795;L;227;0;0.0;0.522155671
2022;Castelo Branco;166269;95738;1117;1126;L;775;0;0.01;0.424198137
2022;Coimbra;374935;215103;3120;2329;L;2197;0;0.01;0.426292557
2022;Europa;926205;110182;711;33565;L;1585;0;0.01;0.881039295
2022;Évora;134828;78957;842;552;L;496;0;0.01;0.414387219
2022;Faro;380371;194952;2598;1760;L;2122;0;0.01;0.487468813
2022;Fora da Europa;594324;64534;568;1907;L;637;0;0.01;0.89141613
2022;Guarda;146041;77246;782;936;L;419;0;0.01;0.471066344
2022;Leiria;413063;235828;3801;2690;L;2469;0;0.01;0.429074984
2022;Lisboa;1919958;1181861;11918;8820;L;28854;1;0.02;0.38443393
2022;Madeira;254784;127120;781;2312;L;913;0;0.01;0.501067571
2022;Portalegre;94374;53522;601;456;L;295;0;0.01;0.432873461
2022;Porto;1589053;984837;10015;8122;L;11438;0;0.01;0.380236531
2022;Santarém;378006;218193;2773;2060;L;1932;0;0.01;0.422779004
2022;Setúbal;745594;433260;4415;3379;L;6140;0;0.01;0.418906268
2022; Totais;10813246;5564539;63103;83721;L;71232;1;0.01;0.48539606
2022;Viana do Castelo;236042;127040;1654;1156;L;919;0;0.01;0.461790698
2022;Vila Real;213093;105308;943;1080;L;566;0;0.01;0.505812016
2022;Viseu;340342;184459;2143;1898;L;1179;0;0.01;0.458018699
2024;Açores;230082;106277;2621;1056;L;1817;0;0.02;0.538090768
2024;Aveiro;642086;423734;7030;4528;L;9519;0;0.02;0.340066595
2024;Beja;119102;76994;1172;935;L;1369;0;0.02;0.3535457
2024;Braga;780164;556358;9590;5162;L;12928;0;0.02;0.286870453
2024;Bragança;134213;72664;892;966;L;727;0;0.01;0.45859194
2024;Castelo Branco;163578;108260;1530;1447;L;2172;0;0.02;0.33817506
2024;Coimbra;371769;242140;4797;2558;L;6890;0;0.03;0.348681574
2024;Europa;937311;238605;1381;94261;L;4091;0;0.02;0.74543668
2024;Évora;133400;89387;1252;791;L;1774;0;0.02;0.329932534
2024;Faro;381108;235351;3401;2650;L;6492;0;0.03;0.382455892
2024;Fora da Europa;609436;98360;487;31980;L;697;0;0.01;0.838604874
2024;Guarda;141065;85034;1163;1290;L;1153;0;0.01;0.397199872
2024;Leiria;412184;273579;5094;3507;L;7212;0;0.03;0.336269724
2024;Lisboa;1915287;1319561;15712;13568;L;72259;2;0.05;0.311037458
2024;Madeira;254502;149808;794;2703;L;1864;0;0.01;0.411368084
2024;Portalegre;93106;60668;925;614;L;873;0;0.01;0.348398599
2024;Porto;1591760;1114945;14407;10964;L;37321;1;0.03;0.299552068
2024;Santarém;377261;251061;3868;2815;L;6190;0;0.02;0.334516422
2024;Setúbal;749090;502601;6253;4945;L;21553;1;0.04;0.329051249
2024; Totais;10813643;6476952;89847;192396;L;204875;4;0.03;0.401038854
2024;Viana do Castelo;233491;142917;2682;1534;L;2815;0;0.02;0.387912168
2024;Vila Real;207989;117058;1494;1527;L;1592;0;0.01;0.43719139
2024;Viseu;335659;211590;3302;2595;L;3567;0;0.02;0.369628105
2019;Açores;228946;83561;3926;1350;PAN;2212;0;0.03;0.635018738
2019;Aveiro;645650;352093;10596;6243;PAN;10442;0;0.03;0.454668938
2019;Beja;122987;64268;1378;1083;PAN;1269;0;0.02;0.477440705
2019;Braga;778174;465674;14540;7960;PAN;11949;0;0.03;0.401581137
2019;Bragança;141557;63531;1305;1392;PAN;830;0;0.01;0.551198457
2019;Castelo Branco;170075;93695;2250;2216;PAN;2231;0;0.02;0.449095987
2019;Coimbra;380004;203931;6910;3755;PAN;5356;0;0.03;0.463345123
2019;Europa;895509;108446;1665;27293;PAN;5296;0;0.05;0.878900156
2019;Évora;136694;74018;1691;1032;PAN;1446;0;0.02;0.458513175
2019;Faro;360169;165377;4717;2860;PAN;7856;0;0.05;0.540834997
2019;Fora da Europa;569128;49908;429;8664;PAN;2347;0;0.05;0.912307952
2019;Guarda;151535;76649;2030;2041;PAN;1223;0;0.02;0.494182862
2019;Leiria;406906;218996;8000;4995;PAN;6313;0;0.03;0.461801989
2019;Lisboa;1917369;1099254;23683;15998;PAN;48440;2;0.04;0.426686256
2019;Madeira;257902;129920;688;2301;PAN;2362;0;0.02;0.496242759
2019;Portalegre;95223;51602;1206;996;PAN;856;0;0.02;0.458093108
2019;Porto;1593888;934762;21225;15083;PAN;32331;1;0.03;0.413533448
2019;Santarém;380900;206907;6021;3997;PAN;5368;0;0.03;0.456794434
2019;Setúbal;736583;395099;8184;6031;PAN;17518;1;0.04;0.463605595
2019; Totais;10777258;5237484;131302;123573;PAN;173931;4;0.03;0.514024439
2019;Viana do Castelo;240917;121913;3617;2174;PAN;2876;0;0.02;0.493962651
2019;Vila Real;219081;100236;2246;2416;PAN;1632;0;0.02;0.542470593
2019;Viseu;348061;177644;4995;3693;PAN;3778;0;0.02;0.489618199
2022;Açores;229022;83737;2090;873;PAN;1159;0;0.01;0.63437137
2022;Aveiro;642623;364875;4743;3425;PAN;4606;0;0.01;0.432209865
2022;Beja;120204;67520;763;634;PAN;597;0;0.01;0.438288243
2022;Braga;776543;494529;6158;3846;PAN;5910;0;0.01;0.363165981
2022;Bragança;137572;65738;567;795;PAN;399;0;0.01;0.522155671
2022;Castelo Branco;166269;95738;1117;1126;PAN;935;0;0.01;0.424198137
2022;Coimbra;374935;215103;3120;2329;PAN;2569;0;0.01;0.426292557
2022;Europa;926205;110182;711;33565;PAN;2956;0;0.03;0.881039295
2022;Évora;134828;78957;842;552;PAN;665;0;0.01;0.414387219
2022;Faro;380371;194952;2598;1760;PAN;4214;0;0.02;0.487468813
2022;Fora da Europa;594324;64534;568;1907;PAN;2912;0;0.05;0.89141613
2022;Guarda;146041;77246;782;936;PAN;506;0;0.01;0.471066344
2022;Leiria;413063;235828;3801;2690;PAN;3090;0;0.01;0.429074984
2022;Lisboa;1919958;1181861;11918;8820;PAN;23577;1;0.02;0.38443393
2022;Madeira;254784;127120;781;2312;PAN;2084;0;0.02;0.501067571
2022;Portalegre;94374;53522;601;456;PAN;346;0;0.01;0.432873461
2022;Porto;1589053;984837;10015;8122;PAN;16722;0;0.02;0.380236531
2022;Santarém;378006;218193;2773;2060;PAN;2527;0;0.01;0.422779004
2022;Setúbal;745594;433260;4415;3379;PAN;8641;0;0.02;0.418906268
2022; Totais;10813246;5564539;63103;83721;PAN;88152;1;0.02;0.48539606
2022;Viana do Castelo;236042;127040;1654;1156;PAN;1251;0;0.01;0.461790698
2022;Vila Real;213093;105308;943;1080;PAN;815;0;0.01;0.505812016
2022;Viseu;340342;184459;2143;1898;PAN;1671;0;0.01;0.458018699
2024;Açores;230082;106277;2621;1056;PAN;1659;0;0.02;0.538090768
2024;Aveiro;642086;423734;7030;4528;PAN;7302;0;0.02;0.340066595
2024;Beja;119102;76994;1172;935;PAN;943;0;0.01;0.3535457
2024;Braga;780164;556358;9590;5162;PAN;7936;0;0.01;0.286870453
2024;Bragança;134213;72664;892;966;PAN;598;0;0.01;0.45859194
2024;Castelo Branco;163578;108260;1530;1447;PAN;1427;0;0.01;0.33817506
2024;Coimbra;371769;242140;4797;2558;PAN;3839;0;0.02;0.348681574
2024;Europa;937311;238605;1381;94261;PAN;5175;0;0.02;0.74543668
2024;Évora;133400;89387;1252;791;PAN;1001;0;0.01;0.329932534
2024;Faro;381108;235351;3401;2650;PAN;6092;0;0.03;0.382455892
2024;Fora da Europa;609436;98360;487;31980;PAN;2328;0;0.02;0.838604874
2024;Guarda;141065;85034;1163;1290;PAN;822;0;0.01;0.397199872
2024;Leiria;412184;273579;5094;3507;PAN;4655;0;0.02;0.336269724
2024;Lisboa;1915287;1319561;15712;13568;PAN;32825;1;0.02;0.311037458
2024;Madeira;254502;149808;794;2703;PAN;3127;0;0.02;0.411368084
2024;Portalegre;93106;60668;925;614;PAN;506;0;0.01;0.348398599
2024;Porto;1591760;1114945;14407;10964;PAN;23421;0;0.02;0.299552068
2024;Santarém;377261;251061;3868;2815;PAN;3930;0;0.02;0.334516422
2024;Setúbal;749090;502601;6253;4945;PAN;12865;0;0.03;0.329051249
2024; Totais;10813643;6476952;89847;192396;PAN;126125;1;0.02;0.401038854
2024;Viana do Castelo;233491;142917;2682;1534;PAN;2057;0;0.01;0.387912168
2024;Vila Real;207989;117058;1494;1527;PAN;1062;0;0.01;0.43719139
2024;Viseu;335659;211590;3302;2595;PAN;2555;0;0.01;0.369628105
2019;Açores;228946;83561;3926;1350;PS;33473;3;0.4;0.635018738
2019;Aveiro;645650;352093;10596;6243;PS;120870;7;0.34;0.454668938
2019;Beja;122987;64268;1378;1083;PS;26161;2;0.41;0.477440705
2019;Braga;778174;465674;14540;7960;PS;169608;8;0.36;0.401581137
2019;Bragança;141557;63531;1305;1392;PS;23216;1;0.37;0.551198457
2019;Castelo Branco;170075;93695;2250;2216;PS;38313;3;0.41;0.449095987
2019;Coimbra;380004;203931;6910;3755;PS;79596;5;0.39;0.463345123
2019;Europa;895509;108446;1665;27293;PS;31377;1;0.29;0.878900156
2019;Évora;136694;74018;1691;1032;PS;28372;2;0.38;0.458513175
2019;Faro;360169;165377;4717;2860;PS;60828;5;0.37;0.540834997
2019;Fora da Europa;569128;49908;429;8664;PS;10060;1;0.2;0.912307952
2019;Guarda;151535;76649;2030;2041;PS;28789;2;0.38;0.494182862
2019;Leiria;406906;218996;8000;4995;PS;68067;4;0.31;0.461801989
2019;Lisboa;1917369;1099254;23683;15998;PS;404015;20;0.37;0.426686256
2019;Madeira;257902;129920;688;2301;PS;43374;3;0.33;0.496242759
2019;Portalegre;95223;51602;1206;996;PS;23013;2;0.45;0.458093108
2019;Porto;1593888;934762;21225;15083;PS;342727;17;0.37;0.413533448
2019;Santarém;380900;206907;6021;3997;PS;76833;4;0.37;0.456794434
2019;Setúbal;736583;395099;8184;6031;PS;152451;9;0.39;0.463605595
2019; Totais;10777258;5237484;131302;123573;PS;1903687;108;0.36;0.514024439
2019;Viana do Castelo;240917;121913;3617;2174;PS;42398;3;0.35;0.493962651
2019;Vila Real;219081;100236;2246;2416;PS;37312;2;0.37;0.542470593
2019;Viseu;348061;177644;4995;3693;PS;62834;4;0.35;0.489618199
2022;Açores;229022;83737;2090;873;PS;35838;3;0.43;0.63437137
2022;Aveiro;642623;364875;4743;3425;PS;144222;8;0.4;0.432209865
2022;Beja;120204;67520;763;634;PS;29533;2;0.44;0.438288243
2022;Braga;776543;494529;6158;3846;PS;207837;9;0.42;0.363165981
2022;Bragança;137572;65738;567;795;PS;26504;2;0.4;0.522155671
2022;Castelo Branco;166269;95738;1117;1126;PS;45634;3;0.48;0.424198137
2022;Coimbra;374935;215103;3120;2329;PS;97324;6;0.45;0.426292557
2022;Europa;926205;110182;711;33565;PS;36086;2;0.33;0.881039295
2022;Évora;134828;78957;842;552;PS;34700;2;0.44;0.414387219
2022;Faro;380371;194952;2598;1760;PS;77763;5;0.4;0.487468813
2022;Fora da Europa;594324;64534;568;1907;PS;19084;1;0.3;0.89141613
2022;Guarda;146041;77246;782;936;PS;34867;2;0.45;0.471066344
2022;Leiria;413063;235828;3801;2690;PS;84253;5;0.36;0.429074984
2022;Lisboa;1919958;1181861;11918;8820;PS;483034;21;0.41;0.38443393
2022;Madeira;254784;127120;781;2312;PS;40006;3;0.31;0.501067571
2022;Portalegre;94374;53522;601;456;PS;25276;2;0.47;0.432873461
2022;Porto;1589053;984837;10015;8122;PS;418958;19;0.43;0.380236531
2022;Santarém;378006;218193;2773;2060;PS;89980;5;0.41;0.422779004
2022;Setúbal;745594;433260;4415;3379;PS;198126;10;0.46;0.418906268
2022; Totais;10813246;5564539;63103;83721;PS;2302601;120;0.41;0.48539606
2022;Viana do Castelo;236042;127040;1654;1156;PS;53442;3;0.42;0.461790698
2022;Vila Real;213093;105308;943;1080;PS;43489;3;0.41;0.505812016
2022;Viseu;340342;184459;2143;1898;PS;76645;4;0.42;0.458018699
2024;Açores;230082;106277;2621;1056;PS;31016;2;0.29;0.538090768
2024;Aveiro;642086;423734;7030;4528;PS;117369;5;0.28;0.340066595
2024;Beja;119102;76994;1172;935;PS;24408;1;0.32;0.3535457
2024;Braga;780164;556358;9590;5162;PS;157123;6;0.28;0.286870453
2024;Bragança;134213;72664;892;966;PS;21539;1;0.3;0.45859194
2024;Castelo Branco;163578;108260;1530;1447;PS;37067;2;0.34;0.33817506
2024;Coimbra;371769;242140;4797;2558;PS;79120;4;0.33;0.348681574
2024;Europa;937311;238605;1381;94261;PS;38063;1;0.16;0.74543668
2024;Évora;133400;89387;1252;791;PS;29310;1;0.33;0.329932534
2024;Faro;381108;235351;3401;2650;PS;59856;3;0.25;0.382455892
2024;Fora da Europa;609436;98360;487;31980;PS;14343;0;0.15;0.838604874
2024;Guarda;141065;85034;1163;1290;PS;27094;1;0.32;0.397199872
2024;Leiria;412184;273579;5094;3507;PS;61561;3;0.23;0.336269724
2024;Lisboa;1915287;1319561;15712;13568;PS;365937;15;0.28;0.311037458
2024;Madeira;254502;149808;794;2703;PS;29725;2;0.2;0.411368084
2024;Portalegre;93106;60668;925;614;PS;20669;1;0.34;0.348398599
2024;Porto;1591760;1114945;14407;10964;PS;338110;13;0.3;0.299552068
2024;Santarém;377261;251061;3868;2815;PS;69948;3;0.28;0.334516422
2024;Setúbal;749090;502601;6253;4945;PS;157200;7;0.31;0.329051249
2024; Totais;10813643;6476952;89847;192396;PS;1812443;78;0.28;0.401038854
2024;Viana do Castelo;233491;142917;2682;1534;PS;40237;2;0.28;0.387912168
2024;Vila Real;207989;117058;1494;1527;PS;34660;2;0.3;0.43719139
2024;Viseu;335659;211590;3302;2595;PS;58088;3;0.27;0.369628105
2019;Guarda;151535;76649;2030;2041;Outros;2060;0;0.03;0.494182862
2019;Évora;136694;74018;1691;1032;Outros;2655;0;0.04;0.458513175
2024;Setúbal;749090;502601;6253;4945;Outros;15380;0;0.03;0.329051249
2019;Porto;1593888;934762;21225;15083;Outros;31614;0;0.03;0.413533448
2019;Beja;122987;64268;1378;1083;Outros;1768;0;0.03;0.477440705
2019;Fora da Europa;569128;49908;429;8664;Outros;5484;0;0.11;0.912307952
2024;Leiria;412184;273579;5094;3507;Outros;7628;0;0.03;0.336269724
2024;Castelo Branco;163578;108260;1530;1447;Outros;2880;0;0.03;0.33817506
2022;Açores;229022;83737;2090;873;Outros;1369;0;0.02;0.63437137
2019;Coimbra;380004;203931;6910;3755;Outros;7028;0;0.03;0.463345123
2022;Viana do Castelo;236042;127040;1654;1156;Outros;1339;0;0.01;0.461790698
2022;Europa;926205;110182;711;33565;Outros;3203;0;0.03;0.881039295
2019;Lisboa;1917369;1099254;23683;15998;Outros;43986;0;0.04;0.426686256
2024;Évora;133400;89387;1252;791;Outros;1543;0;0.02;0.329932534
2024;Coimbra;371769;242140;4797;2558;Outros;4686;0;0.02;0.348681574
2024;Aveiro;642086;423734;7030;4528;Outros;11120;0;0.03;0.340066595
2019;Leiria;406906;218996;8000;4995;Outros;8912;0;0.04;0.461801989
2022;Guarda;146041;77246;782;936;Outros;780;0;0.01;0.471066344
2022;Santarém;378006;218193;2773;2060;Outros;2355;0;0.01;0.422779004
2019;Castelo Branco;170075;93695;2250;2216;Outros;2978;0;0.03;0.449095987
2022;Beja;120204;67520;763;634;Outros;947;0;0.01;0.438288243
2024;Bragança;134213;72664;892;966;Outros;2235;0;0.03;0.45859194
2022;Vila Real;213093;105308;943;1080;Outros;938;0;0.01;0.505812016
2024;Braga;780164;556358;9590;5162;Outros;19799;0;0.04;0.286870453
2024;Fora da Europa;609436;98360;487;31980;Outros;3706;0;0.04;0.838604874
2022;Portalegre;94374;53522;601;456;Outros;619;0;0.01;0.432873461
2022;Madeira;254784;127120;781;2312;Outros;11453;0;0.09;0.501067571
2024;Lisboa;1915287;1319561;15712;13568;Outros;36050;0;0.03;0.311037458
2019;Braga;778174;465674;14540;7960;Outros;13331;0;0.03;0.401581137
2022;Setúbal;745594;433260;4415;3379;Outros;7840;0;0.02;0.418906268
2022;Aveiro;642623;364875;4743;3425;Outros;5650;0;0.02;0.432209865
2019;Viseu;348061;177644;4995;3693;Outros;5542;0;0.03;0.489618199
2024;Faro;381108;235351;3401;2650;Outros;8319;0;0.04;0.382455892
2019;Bragança;141557;63531;1305;1392;Outros;1681;0;0.03;0.551198457
2022;Castelo Branco;166269;95738;1117;1126;Outros;1153;0;0.01;0.424198137
2024;Viseu;335659;211590;3302;2595;Outros;8679;0;0.04;0.369628105
2024;Açores;230082;106277;2621;1056;Outros;1342;0;0.01;0.538090768
2024;Viana do Castelo;233491;142917;2682;1534;Outros;4199;0;0.03;0.387912168
2022;Coimbra;374935;215103;3120;2329;Outros;2374;0;0.01;0.426292557
2019;Viana do Castelo;240917;121913;3617;2174;Outros;4457;0;0.04;0.493962651
2022;Leiria;413063;235828;3801;2690;Outros;3497;0;0.01;0.429074984
2024;Europa;937311;238605;1381;94261;Outros;4788;0;0.02;0.74543668
2022;Évora;134828;78957;842;552;Outros;610;0;0.01;0.414387219
2019;Açores;228946;83561;3926;1350;Outros;2214;0;0.03;0.635018738
2019;Faro;360169;165377;4717;2860;Outros;6930;0;0.04;0.540834997
2019;Madeira;257902;129920;688;2301;Outros;13008;0;0.1;0.496242759
2019;Santarém;380900;206907;6021;3997;Outros;7878;0;0.04;0.456794434
2019;Aveiro;645650;352093;10596;6243;Outros;10924;0;0.03;0.454668938
2024;Portalegre;93106;60668;925;614;Outros;1370;0;0.02;0.348398599
2022;Bragança;137572;65738;567;795;Outros;459;0;0.01;0.522155671
2022;Viseu;340342;184459;2143;1898;Outros;1994;0;0.01;0.458018699
2024;Vila Real;207989;117058;1494;1527;Outros;3794;0;0.03;0.43719139
2022;Porto;1589053;984837;10015;8122;Outros;14034;0;0.01;0.380236531
2024;Guarda;141065;85034;1163;1290;Outros;3122;0;0.04;0.397199872
2024;Santarém;377261;251061;3868;2815;Outros;6153;0;0.02;0.334516422
2019;Europa;895509;108446;1665;27293;Outros;7432;0;0.07;0.878900156
2024;Beja;119102;76994;1172;935;Outros;2011;0;0.03;0.3535457
2019;Vila Real;219081;100236;2246;2416;Outros;2436;0;0.02;0.542470593
2024;Madeira;254502;149808;794;2703;Outros;19191;0;0.13;0.411368084
2022;Lisboa;1919958;1181861;11918;8820;Outros;19185;0;0.02;0.38443393
2022;Fora da Europa;594324;64534;568;1907;Outros;3126;0;0.05;0.89141613
2022;Braga;776543;494529;6158;3846;Outros;4848;0;0.01;0.363165981
2022;Faro;380371;194952;2598;1760;Outros;3266;0;0.02;0.487468813
2019;Portalegre;95223;51602;1206;996;Outros;1597;0;0.03;0.458093108
2019; Totais;10777258;5237484;131302;123573;Outros;198773;0;0.04;0.514024439
2022; Totais;10813246;5564539;63103;83721;Outros;91039;0;0.02;0.48539606
2024; Totais;10813643;6476952;89847;192396;Outros;206301;0;0.03;0.401038854
2025;Aveiro;642086;423734;7030;4528;AD;148861;7;0.385;0.340066595
2025;Aveiro;642086;423734;7030;4528;BE;17383;0;0.0036;0.340066595
2025;Aveiro;642086;423734;7030;4528;CDU;5829;0;0.0085;0.340066595
2025;Aveiro;642086;423734;7030;4528;CH;73122;3;0.17;0.340066595
2025;Aveiro;642086;423734;7030;4528;IL;21671;1;0.05;0.340066595
2025;Aveiro;642086;423734;7030;4528;L;9519;0;0.024;0.340066595
2025;Aveiro;642086;423734;7030;4528;PAN;7302;0;0.0014;0.340066595
2025;Aveiro;642086;423734;7030;4528;PS;117369;5;0.2828;0.340066595
2025;Beja;119102;76994;1172;935;AD;12890;1;0.187;0.3535457
2025;Beja;119102;76994;1172;935;BE;3393;0;0.0036;0.3535457
2025;Beja;119102;76994;1172;935;CDU;11570;0;0.1275;0.3535457
2025;Beja;119102;76994;1172;935;CH;16595;1;0.22;0.3535457
2025;Beja;119102;76994;1172;935;IL;1708;0;0.02;0.3535457
2025;Beja;119102;76994;1172;935;L;1369;0;0.024;0.3535457
2025;Beja;119102;76994;1172;935;PAN;943;0;0.0007;0.3535457
2025;Beja;119102;76994;1172;935;PS;24408;1;0.3232;0.3535457
2025;Braga;780164;556358;9590;5162;AD;184493;8;0.363;0.286870453
2025;Braga;780164;556358;9590;5162;BE;21403;0;0.0036;0.286870453
2025;Braga;780164;556358;9590;5162;CDU;10130;0;0.017;0.286870453
2025;Braga;780164;556358;9590;5162;CH;93859;4;0.17;0.286870453
2025;Braga;780164;556358;9590;5162;IL;33935;1;0.06;0.286870453
2025;Braga;780164;556358;9590;5162;L;12928;0;0.024;0.286870453
2025;Braga;780164;556358;9590;5162;PAN;7936;0;0.0007;0.286870453
2025;Braga;780164;556358;9590;5162;PS;157123;6;0.2828;0.286870453
2025;Bragança;134213;72664;892;966;AD;29069;2;0.44;0.45859194
2025;Bragança;134213;72664;892;966;BE;1403;0;0.0018;0.45859194
2025;Bragança;134213;72664;892;966;CDU;774;0;0.0085;0.45859194
2025;Bragança;134213;72664;892;966;CH;13220;0;0.18;0.45859194
2025;Bragança;134213;72664;892;966;IL;1241;0;0.02;0.45859194
2025;Bragança;134213;72664;892;966;L;727;0;0.012;0.45859194
2025;Bragança;134213;72664;892;966;PAN;598;0;0.0007;0.45859194
2025;Bragança;134213;72664;892;966;PS;21539;1;0.303;0.45859194
2025;Castelo Branco;163578;108260;1530;1447;AD;30812;1;0.308;0.33817506
2025;Castelo Branco;163578;108260;1530;1447;BE;4450;0;0.0036;0.33817506
2025;Castelo Branco;163578;108260;1530;1447;CDU;2373;0;0.017;0.33817506
2025;Castelo Branco;163578;108260;1530;1447;CH;21141;1;0.2;0.33817506
2025;Castelo Branco;163578;108260;1530;1447;IL;2961;0;0.03;0.33817506
2025;Castelo Branco;163578;108260;1530;1447;L;2172;0;0.024;0.33817506
2025;Castelo Branco;163578;108260;1530;1447;PAN;1427;0;0.0007;0.33817506
2025;Castelo Branco;163578;108260;1530;1447;PS;37067;2;0.3434;0.33817506
2025;Coimbra;371769;242140;4797;2558;AD;74040;3;0.341;0.348681574
2025;Coimbra;371769;242140;4797;2558;BE;12371;0;0.0045;0.348681574
2025;Coimbra;371769;242140;4797;2558;CDU;6819;0;0.0255;0.348681574
2025;Coimbra;371769;242140;4797;2558;CH;37428;2;0.15;0.348681574
2025;Coimbra;371769;242140;4797;2558;IL;9592;0;0.04;0.348681574
2025;Coimbra;371769;242140;4797;2558;L;6890;0;0.036;0.348681574
2025;Coimbra;371769;242140;4797;2558;PAN;3839;0;0.0014;0.348681574
2025;Coimbra;371769;242140;4797;2558;PS;79120;4;0.3333;0.348681574
2025;Évora;133400;89387;1252;791;AD;20051;1;0.242;0.329932534
2025;Évora;133400;89387;1252;791;BE;3816;0;0.0036;0.329932534
2025;Évora;133400;89387;1252;791;CDU;9771;0;0.0935;0.329932534
2025;Évora;133400;89387;1252;791;CH;17850;1;0.2;0.329932534
2025;Évora;133400;89387;1252;791;IL;2228;0;0.02;0.329932534
2025;Évora;133400;89387;1252;791;L;1774;0;0.024;0.329932534
2025;Évora;133400;89387;1252;791;PAN;1001;0;0.0007;0.329932534
2025;Évora;133400;89387;1252;791;PS;29310;1;0.3333;0.329932534
2025;Faro;381108;235351;3401;2650;AD;52681;3;0.242;0.382455892
2025;Faro;381108;235351;3401;2650;BE;13555;0;0.0054;0.382455892
2025;Faro;381108;235351;3401;2650;CDU;7488;0;0.0255;0.382455892
2025;Faro;381108;235351;3401;2650;CH;64081;3;0.27;0.382455892
2025;Faro;381108;235351;3401;2650;IL;10736;0;0.05;0.382455892
2025;Faro;381108;235351;3401;2650;L;6492;0;0.036;0.382455892
2025;Faro;381108;235351;3401;2650;PAN;6092;0;0.0021;0.382455892
2025;Faro;381108;235351;3401;2650;PS;59856;3;0.2525;0.382455892
2025;Guarda;141065;85034;1163;1290;AD;29013;1;0.374;0.397199872
2025;Guarda;141065;85034;1163;1290;BE;2299;0;0.0027;0.397199872
2025;Guarda;141065;85034;1163;1290;CDU;1331;0;0.017;0.397199872
2025;Guarda;141065;85034;1163;1290;CH;15837;1;0.19;0.397199872
2025;Guarda;141065;85034;1163;1290;IL;1910;0;0.02;0.397199872
2025;Guarda;141065;85034;1163;1290;L;1153;0;0.012;0.397199872
2025;Guarda;141065;85034;1163;1290;PAN;822;0;0.0007;0.397199872
2025;Guarda;141065;85034;1163;1290;PS;27094;1;0.3232;0.397199872
2025;Leiria;412184;273579;5094;3507;AD;96231;5;0.385;0.336269724
2025;Leiria;412184;273579;5094;3507;BE;11748;0;0.0036;0.336269724
2025;Leiria;412184;273579;5094;3507;CDU;6625;0;0.017;0.336269724
2025;Leiria;412184;273579;5094;3507;CH;53820;2;0.2;0.336269724
2025;Leiria;412184;273579;5094;3507;IL;15498;0;0.06;0.336269724
2025;Leiria;412184;273579;5094;3507;L;7212;0;0.036;0.336269724
2025;Leiria;412184;273579;5094;3507;PAN;4655;0;0.0014;0.336269724
2025;Leiria;412184;273579;5094;3507;PS;61561;3;0.2323;0.336269724
2025;Lisboa;1915287;1319561;15712;13568;AD;356973;14;0.297;0.311037458
2025;Lisboa;1915287;1319561;15712;13568;BE;65365;2;0.0045;0.311037458
2025;Lisboa;1915287;1319561;15712;13568;CDU;49267;2;0.034;0.311037458
2025;Lisboa;1915287;1319561;15712;13568;CH;224642;9;0.17;0.311037458
2025;Lisboa;1915287;1319561;15712;13568;IL;86963;3;0.07;0.311037458
2025;Lisboa;1915287;1319561;15712;13568;L;72259;2;0.06;0.311037458
2025;Lisboa;1915287;1319561;15712;13568;PAN;32825;1;0.0014;0.311037458
2025;Lisboa;1915287;1319561;15712;13568;PS;365937;15;0.2828;0.311037458
2025;Portalegre;93106;60668;925;614;AD;14134;0;0.253;0.348398599
2025;Portalegre;93106;60668;925;614;BE;1894;0;0.0027;0.348398599
2025;Portalegre;93106;60668;925;614;CDU;3718;0;0.051;0.348398599
2025;Portalegre;93106;60668;925;614;CH;14810;1;0.24;0.348398599
2025;Portalegre;93106;60668;925;614;IL;1155;0;0.02;0.348398599
2025;Portalegre;93106;60668;925;614;L;873;0;0.012;0.348398599
2025;Portalegre;93106;60668;925;614;PAN;506;0;0.0007;0.348398599
2025;Portalegre;93106;60668;925;614;PS;20669;1;0.3434;0.348398599
2025;Porto;1591760;1114945;14407;10964;AD;339142;14;0.33;0.299552068
2025;Porto;1591760;1114945;14407;10964;BE;51917;2;0.0045;0.299552068
2025;Porto;1591760;1114945;14407;10964;CDU;26356;1;0.017;0.299552068
2025;Porto;1591760;1114945;14407;10964;CH;170936;7;0.15;0.299552068
2025;Porto;1591760;1114945;14407;10964;IL;64065;2;0.06;0.299552068
2025;Porto;1591760;1114945;14407;10964;L;37321;1;0.036;0.299552068
2025;Porto;1591760;1114945;14407;10964;PAN;23421;0;0.0014;0.299552068
2025;Porto;1591760;1114945;14407;10964;PS;338110;13;0.303;0.299552068
2025;Santarém;377261;251061;3868;2815;AD;68519;3;0.297;0.334516422
2025;Santarém;377261;251061;3868;2815;BE;11207;0;0.0036;0.334516422
2025;Santarém;377261;251061;3868;2815;CDU;10346;0;0.034;0.334516422
2025;Santarém;377261;251061;3868;2815;PAN;3930;0;0.0014;0.334516422
2025;Santarém;377261;251061;3868;2815;PS;69948;3;0.2828;0.334516422
2025;Santarém;377261;251061;3868;2815;CH;58588;3;0.23;0.334516422
2025;Santarém;377261;251061;3868;2815;IL;9497;0;0.04;0.334516422
2025;Santarém;377261;251061;3868;2815;L;6190;0;0.024;0.334516422
2025;Setúbal;749090;502601;6253;4945;AD;86320;4;0.187;0.329051249
2025;Setúbal;749090;502601;6253;4945;BE;30165;1;0.0054;0.329051249
2025;Setúbal;749090;502601;6253;4945;CDU;38848;1;0.068;0.329051249
2025;Setúbal;749090;502601;6253;4945;CH;102120;4;0.2;0.329051249
2025;Setúbal;749090;502601;6253;4945;IL;26952;1;0.05;0.329051249
2025;Setúbal;749090;502601;6253;4945;L;21553;1;0.048;0.329051249
2025;Setúbal;749090;502601;6253;4945;PAN;12865;0;0.0021;0.329051249
2025;Setúbal;749090;502601;6253;4945;PS;157200;7;0.3131;0.329051249
2025;Viana do Castelo;233491;142917;2682;1534;AD;49616;2;0.385;0.387912168
2025;Viana do Castelo;233491;142917;2682;1534;BE;4926;0;0.0027;0.387912168
2025;Viana do Castelo;233491;142917;2682;1534;CDU;3106;0;0.017;0.387912168
2025;Viana do Castelo;233491;142917;2682;1534;CH;26639;1;0.19;0.387912168
2025;Viana do Castelo;233491;142917;2682;1534;IL;5106;0;0.04;0.387912168
2025;Viana do Castelo;233491;142917;2682;1534;L;2815;0;0.024;0.387912168
2025;Viana do Castelo;233491;142917;2682;1534;PAN;2057;0;0.0007;0.387912168
2025;Viana do Castelo;233491;142917;2682;1534;PS;40237;2;0.2828;0.387912168
2025;Vila Real;207989;117058;1494;1527;AD;46046;2;0.429;0.43719139
2025;Vila Real;207989;117058;1494;1527;BE;2865;0;0.0018;0.43719139
2025;Vila Real;207989;117058;1494;1527;CDU;1600;0;0.0085;0.43719139
2025;Vila Real;207989;117058;1494;1527;CH;20038;1;0.17;0.43719139
2025;Vila Real;207989;117058;1494;1527;IL;2380;0;0.02;0.43719139
2025;Vila Real;207989;117058;1494;1527;L;1592;0;0.012;0.43719139
2025;Vila Real;207989;117058;1494;1527;PAN;1062;0;0.0007;0.43719139
2025;Vila Real;207989;117058;1494;1527;PS;34660;2;0.303;0.43719139
2025;Viseu;335659;211590;3302;2595;AD;76938;3;0.396;0.369628105
2025;Viseu;335659;211590;3302;2595;BE;5846;0;0.0027;0.369628105
2025;Viseu;335659;211590;3302;2595;CDU;2905;0;0.0085;0.369628105
2025;Viseu;335659;211590;3302;2595;CH;41165;2;0.19;0.369628105
2025;Viseu;335659;211590;3302;2595;IL;5950;0;0.03;0.369628105
2025;Viseu;335659;211590;3302;2595;L;3567;0;0.024;0.369628105
2025;Viseu;335659;211590;3302;2595;PAN;2555;0;0.0007;0.369628105
2025;Viseu;335659;211590;3302;2595;PS;58088;3;0.2727;0.369628105
2025;Açores;230082;106277;2621;1056;AD;42352;2;0.44;0.538090768
2025;Açores;230082;106277;2621;1056;BE;3622;0;0.0027;0.538090768
2025;Açores;230082;106277;2621;1056;CDU;1161;0;0.0085;0.538090768
2025;Açores;230082;106277;2621;1056;CH;16749;1;0.16;0.538090768
2025;Açores;230082;106277;2621;1056;IL;2882;0;0.03;0.538090768
2025;Açores;230082;106277;2621;1056;L;1817;0;0.024;0.538090768
2025;Açores;230082;106277;2621;1056;PAN;1659;0;0.0014;0.538090768
2025;Açores;230082;106277;2621;1056;PS;31016;2;0.2929;0.538090768
2025;Madeira;254502;149808;794;2703;AD;53440;3;0.396;0.411368084
2025;Madeira;254502;149808;794;2703;BE;4404;0;0.0027;0.411368084
2025;Madeira;254502;149808;794;2703;CDU;2429;0;0.017;0.411368084
2025;Madeira;254502;149808;794;2703;CH;26304;1;0.18;0.411368084
2025;Madeira;254502;149808;794;2703;IL;5827;0;0.04;0.411368084
2025;Madeira;254502;149808;794;2703;L;1864;0;0.012;0.411368084
2025;Madeira;254502;149808;794;2703;PAN;3127;0;0.0014;0.411368084
2025;Madeira;254502;149808;794;2703;PS;29725;2;0.202;0.411368084
2025;Europa;937311;238605;1381;94261;AD;33351;0;0.154;0.74543668
2025;Europa;937311;238605;1381;94261;BE;6438;0;0.0027;0.74543668
2025;Europa;937311;238605;1381;94261;CDU;2363;0;0.0085;0.74543668
2025;Europa;937311;238605;1381;94261;CH;42975;1;0.18;0.74543668
2025;Europa;937311;238605;1381;94261;IL;5719;0;0.02;0.74543668
2025;Europa;937311;238605;1381;94261;L;4091;0;0.024;0.74543668
2025;Europa;937311;238605;1381;94261;PAN;5175;0;0.0014;0.74543668
2025;Europa;937311;238605;1381;94261;PS;38063;1;0.1616;0.74543668
2025;Fora da Europa;609436;98360;487;31980;AD;22470;1;0.253;0.838604874
2025;Fora da Europa;609436;98360;487;31980;BE;1844;0;0.0018;0.838604874
2025;Fora da Europa;609436;98360;487;31980;CDU;742;0;0.0085;0.838604874
2025;Fora da Europa;609436;98360;487;31980;PAN;2328;0;0.0014;0.838604874
2025;Fora da Europa;609436;98360;487;31980;PS;14343;0;0.1515;0.838604874
2025;Fora da Europa;609436;98360;487;31980;CH;17862;1;0.18;0.838604874
2025;Fora da Europa;609436;98360;487;31980;IL;1901;0;0.02;0.838604874
2025;Fora da Europa;609436;98360;487;31980;L;697;0;0.012;0.838604874
2025; Totais;10813643;6476952;89847;192396;AD;1867442;80;0.319;0.401038854
2025; Totais;10813643;6476952;89847;192396;BE;282314;5;0.0036;0.401038854
2025; Totais;10813643;6476952;89847;192396;CDU;205551;4;0.0255;0.401038854
2025; Totais;10813643;6476952;89847;192396;CH;1169781;50;0.18;0.401038854
2025; Totais;10813643;6476952;89847;192396;IL;319877;8;0.05;0.401038854
2025; Totais;10813643;6476952;89847;192396;L;204875;4;0.036;0.401038854
2025; Totais;10813643;6476952;89847;192396;PAN;126125;1;0.0014;0.401038854
2025; Totais;10813643;6476952;89847;192396;PS;1812443;78;0.2828;0.401038854
